{
    "t0": 8008.439832646783,
    "t1": -0.02144896359170181,
    "nbIter": 10000,
    "ratio": 0.1
}